{"cameraMode":{"drawMode":0,"name":"Shaded","section":"Shading Mode"},"sceneLighting":true,"audioPlay":false,"sceneViewState":{"showFog":false,"showMaterialUpdate":false,"showSkybox":false,"showFlares":false,"showImageEffects":false,"showParticleSystems":true},"in2DMode":false,"pivot":{"x":-21.358068466186525,"y":1.2864127159118653,"z":-6.463912010192871},"rotation":{"x":-0.19212839007377625,"y":-0.06853818148374558,"z":0.01345224678516388,"w":-0.9788815379142761},"size":15.997580528259278,"orthographic":false}